0.2991215,1.804359,1.8194014,1.8324758,1.8409953,1.8513721,1.8678447,1.8683443,1.8673757,1.8677155,1.8498471,1.8482275,1.8254021,1.8089226,1.8071234,1.8132584,1.8194681,1.8327041,1.8583988,1.86252,1.8820091,1.8904859,1.886868,1.8784363,1.8709074,1.8573662,1.8327187,1.8121076,1.8052562,1.8259586,1.8286848,1.8657193,1.8737957,1.902541,1.9122027,1.9246498,1.9218668,1.9056795,1.8887358,1.8828119,1.8549095,1.8311664,1.8129317,1.839205,1.8403021,1.8792366,1.9108355,1.9227998,1.9380219,1.9425367,1.9543875,1.9454982,1.9251592,1.8984568,1.87201,1.8541203,1.8340541,1.8453901,1.8639157,1.8941984,1.9240371,1.9430745,1.9488578,1.9516433,1.9627074,1.9616938,1.9441967,1.92132,1.8835285,1.8586004,1.8492402,1.8555332,1.8684268,1.9013953,1.9348001,1.9517648,1.9543649,1.9613686,1.975008,1.9644588,1.9501195,1.9378172,1.903544,1.8682328,1.8552583,1.8543535,1.8686353,1.9033194,1.9258096,1.9313827,1.9345027,1.9536824,1.9598266,1.9476857,1.9354818,1.926465,1.8942344,1.8748369,1.8639524,1.8591315,1.8703978,1.8959728,1.9135158,1.9318628,1.9345506,1.9359547,1.952183,1.9408789,1.932489,1.9185054,1.9012913,1.8720965,1.8502402,1.8423135,1.8482707,1.8865737,1.9054633,1.9093376,1.9323874,1.9233787,1.9371818,1.937936,1.9157006,1.9081856,1.8854136,1.8555721,1.836892,1.8240896,1.8340576,1.8646803,1.8831732,1.8935075,1.909375,1.9179648,1.9262242,1.9165642,1.8978156,1.8774037,1.8563,1.8312707,1.8185772,1.7993054,1.8058861,1.846074,1.8583158,1.8795006,1.888943,1.8883072,1.8964468,1.9049264,1.8830994,1.8627404,1.8380766,1.8056674,1.792527,1.7672186,1.7714559,1.8156961,1.8288097,1.8471729,1.8538302,1.854842,1.8670871,1.8686719,1.8489045,1.8353299,1.8088388,1.782017,1.7660053,1.7565948,1.7632877,1.7845293,1.8000412,1.8096805,1.823274,1.8158627,1.8334564,1.8214953,1.8043427,1.7967418,1.7728523,1.762084,1.7551564,1.7400441,1.7417276,1.7591174,1.772042,1.7793678,1.7959807,1.8025557,1.8019254,1.795867,1.7854949,1.7806834,1.756432,1.7448608,1.730782
5.7263756,2.3486176,2.1500163,2.1379306,2.1538212,2.1683798,2.1781223,2.1862273,2.1937835,2.185165,2.1903682,2.1764085,2.160836,2.1691966,2.3474183,2.1865518,2.0152185,2.0122783,2.0311663,2.0433865,2.0478516,2.054719,2.0627124,2.0683558,2.0666955,2.0617857,2.0380173,2.044092,2.1879456,2.1971452,2.0272892,2.049689,2.0564582,2.064874,2.0645354,2.0721822,2.0928702,2.082984,2.0905929,2.0704913,2.0479789,2.0542467,2.1822324,2.2264302,2.0642586,2.08899,2.091185,2.0930128,2.0969534,2.1155653,2.130204,2.1232681,2.1137023,2.0953963,2.076798,2.0832484,2.2130108,2.2329373,2.077539,2.1004882,2.1025045,2.0978677,2.107856,2.1234183,2.1389937,2.1302102,2.126952,2.107948,2.0961072,2.090942,2.2214518,2.2451446,2.099789,2.1078491,2.1136897,2.1213453,2.1210256,2.1446884,2.1563768,2.1494176,2.1482382,2.1345382,2.11531,2.1138809,2.2419074,2.2498498,2.083717,2.0999115,2.1100519,2.113318,2.1220393,2.1335125,2.151694,2.149209,2.1459663,2.1343057,2.115459,2.1106591,2.24872,2.2549636,2.1025567,2.113756,2.1246982,2.1291196,2.1348562,2.149609,2.1595356,2.1701589,2.1639042,2.1578994,2.1384268,2.135076,2.261704,2.2617157,2.0993724,2.107042,2.123103,2.1327507,2.1356814,2.1401408,2.1549368,2.1626835,2.1605637,2.153092,2.1299956,2.1282656,2.2638948,2.2439728,2.0856915,2.1058614,2.1134655,2.1139817,2.1131432,2.1194084,2.1360347,2.1458952,2.1437924,2.1329336,2.1129956,2.114309,2.2531574,2.2435026,2.0786085,2.0873845,2.0884783,2.0949368,2.095718,2.110225,2.1201131,2.1261559,2.1171935,2.1133304,2.0964718,2.1021204,2.242016,2.2241023,2.0619926,2.0607426,2.059824,2.0586066,2.0714328,2.0838838,2.0841842,2.0894728,2.0883956,2.0732012,2.0808833,2.086659,2.2172112,2.213319,2.053381,2.0452712,2.044986,2.0542064,2.055368,2.0708039,2.0704246,2.0771964,2.0797276,2.0787694,2.0689983,2.088604,2.2228703,2.2983081,2.1150572,2.0969307,2.092468,2.1065733,2.1123605,2.1199434,2.1266212,2.1141434,2.1200259,2.1195579,2.1277149,2.1448927,2.296596
5.4530387,2.2321405,2.0497253,2.0138762,2.0175369,2.0158045,2.0184522,2.0249646,2.0294027,2.0358202,2.0399544,2.033149,2.038094,2.0757382,2.2346382,2.0440123,1.9011555,1.8692652,1.8887697,1.9030591,1.9106916,1.9118098,1.910227,1.9211916,1.9197457,1.9074285,1.9001012,1.9221369,2.0526733,2.0458095,1.9166908,1.8931223,1.908398,1.9298044,1.9322684,1.9298502,1.9305277,1.9408672,1.943919,1.9222258,1.914745,1.9245461,2.0429542,2.068436,1.9468294,1.9294024,1.9431734,1.9623094,1.9660685,1.9687037,1.9667361,1.9760844,1.9774045,1.9571236,1.9481128,1.9573592,2.0709653,2.084929,1.9762152,1.9533293,1.9626865,1.978367,1.9865915,1.9992884,1.9957242,1.9978967,2.001431,1.9789237,1.9770471,1.99178,2.0936852,2.1099348,1.9952887,1.9759029,1.9821869,1.998125,2.0059395,2.019132,2.0136385,2.0108404,2.0149586,1.9934846,1.9990027,2.0066676,2.1140232,2.125262,2.0077672,1.9884574,1.9930352,2.013599,2.0153353,2.0270965,2.0237505,2.0240324,2.021622,2.0025642,2.0029154,2.0169315,2.1251585,2.1370454,2.0094676,1.9884835,1.9932461,2.0108583,2.018282,2.02885,2.0235755,2.0293372,2.0227485,2.0010185,2.0031974,2.0263493,2.125438,2.1479633,2.0141985,1.9915037,2.0036626,2.018501,2.024732,2.022428,2.0261106,2.0313826,2.0322795,2.0119874,2.007552,2.0249367,2.132673,2.1336002,1.9877625,1.9685175,1.984115,1.9977559,1.9975426,2.000451,1.998558,2.0079203,2.0138829,1.9951903,1.9917194,2.001801,2.124973,2.132853,1.978109,1.9525009,1.9627961,1.9839463,1.9849467,1.9927742,1.987118,1.9949312,2.0012784,1.9823273,1.9758558,1.9933228,2.115663,2.1208076,1.9698517,1.93885,1.9534289,1.9689488,1.9803668,1.9833599,1.9757937,1.9808336,1.9886558,1.9698627,1.971606,1.9974515,2.1136572,2.116629,1.9606456,1.924866,1.9313848,1.9515185,1.9541808,1.9620445,1.9568765,1.9541165,1.959092,1.9461927,1.9535958,1.9785246,2.112498,2.3803616,2.170446,2.1296988,2.132475,2.146187,2.1475759,2.1524127,2.1482415,2.1491153,2.1436713,2.1322565,2.1469681,2.18932,2.3640578
4.444702,2.4680257,2.3727534,2.3810306,2.3955045,2.4083655,2.4115677,2.4162152,2.4229264,2.4127798,2.4125452,2.3975022,2.3835437,2.367308,2.4615624,2.3767152,2.3408318,2.3490002,2.3702004,2.3777065,2.3923376,2.4160204,2.4120893,2.3985713,2.385162,2.3740435,2.3573267,2.330342,2.367745,2.3786263,2.3409085,2.3591902,2.3826478,2.3941836,2.4065616,2.4213014,2.4267313,2.4199796,2.3990095,2.3749983,2.3611286,2.3373778,2.3637433,2.382458,2.348356,2.3791463,2.3935754,2.4124093,2.4247782,2.4460034,2.4507587,2.4371316,2.4128532,2.3916616,2.3711238,2.3428147,2.3753874,2.3822646,2.353019,2.3787115,2.4130013,2.4252782,2.443615,2.460007,2.4623585,2.447485,2.4259427,2.405445,2.379346,2.3487482,2.379012,2.39508,2.3684502,2.3993313,2.428908,2.4483821,2.4627385,2.479887,2.482957,2.4690647,2.4568145,2.432182,2.3994627,2.3681884,2.3882725,2.4034367,2.3730545,2.3988204,2.4296684,2.452531,2.459363,2.4792867,2.4810708,2.468078,2.4508905,2.438796,2.4038553,2.369821,2.3956764,2.4098976,2.3831923,2.412012,2.4351306,2.4498901,2.4672372,2.4813464,2.4802213,2.4756021,2.4588027,2.4412448,2.40966,2.3793626,2.4047163,2.4122112,2.382955,2.404052,2.426859,2.4426095,2.459285,2.466732,2.4699373,2.4557269,2.4449732,2.4322777,2.4001954,2.3748374,2.4026155,2.4047654,2.3728068,2.3970199,2.4219892,2.4276667,2.4400022,2.4496663,2.456725,2.4487283,2.4298346,2.4206998,2.3906107,2.3635728,2.4016814,2.3933382,2.3565269,2.3802493,2.3959963,2.409056,2.4164026,2.42165,2.4299386,2.419823,2.4055429,2.394991,2.3716874,2.3489854,2.3957005,2.3744295,2.334706,2.3578405,2.372312,2.385237,2.3920045,2.4072766,2.4041007,2.3954523,2.3771892,2.3647325,2.3459463,2.3310359,2.376467,2.375669,2.3326259,2.3557682,2.365509,2.3757927,2.383624,2.398166,2.39886,2.3929093,2.3718073,2.355834,2.3431144,2.325088,2.3771963,2.5225222,2.4311743,2.4491296,2.4648867,2.469672,2.4674904,2.47527,2.4775994,2.478014,2.4639945,2.4498577,2.4412534,2.435407,2.5123286
4.6369586,2.8368857,2.7175908,2.722606,2.7135255,2.7102466,2.7017622,2.7099462,2.712246,2.7025998,2.7006378,2.7024527,2.7062237,2.6720629,2.8112924,2.5868323,2.6398597,2.6246996,2.608915,2.6147785,2.6747904,2.7379506,2.657067,2.5594842,2.6371655,2.6734722,2.7454755,2.5133379,2.6006062,2.5315247,2.5175257,2.5431063,2.5262709,2.5333705,2.53956,2.5423017,2.5635083,2.648665,2.522349,2.5489872,2.6113625,2.476776,2.5261815,2.492899,2.4995973,2.561549,2.528677,2.5066245,2.5134068,2.510663,2.515588,2.5130491,2.5199747,2.5146222,2.568438,2.469106,2.4988914,2.454708,2.4913218,2.4438407,2.4516048,2.4729903,2.4854894,2.497584,2.4948802,2.4902854,2.486673,2.4794748,2.4806232,2.4294407,2.467605,2.4662852,2.4507146,2.5179083,2.4578505,2.4643974,2.470642,2.4916186,2.4911835,2.4979348,2.4730024,2.4901748,2.4930785,2.4381795,2.4755104,2.4482846,2.4427745,2.4369895,2.439009,2.4479403,2.458593,2.4812765,2.484405,2.4731765,2.4673874,2.4537935,2.4896333,2.4110672,2.4842958,2.4406009,2.432599,2.4364686,2.4370525,2.4498107,2.460601,2.4787703,2.484132,2.473012,2.4656563,2.4503906,2.445434,2.4098651,2.4548047,2.4459648,2.4205284,2.4341729,2.4427247,2.4548874,2.4678226,2.480679,2.4787467,2.4712238,2.4624033,2.4547307,2.4380336,2.4090953,2.4471872,2.4558067,2.4351025,2.4581926,2.4610634,2.4682386,2.4742596,2.4808908,2.487892,2.474477,2.4722857,2.4643226,2.4488053,2.4220357,2.4566877,2.4822664,2.4679985,2.4992537,2.4805574,2.482,2.4847777,2.4745655,2.4855053,2.4806216,2.4783177,2.4844007,2.4637735,2.4420214,2.491593,2.5027769,2.4713292,2.5061946,2.498576,2.493708,2.4837487,2.5036087,2.4947565,2.503499,2.485462,2.488026,2.496073,2.4505026,2.513715,2.578726,2.5944927,2.6267076,2.5938616,2.5563643,2.5844483,2.588609,2.5666714,2.5901856,2.565338,2.545625,2.57682,2.5193374,2.5715652,2.7293057,2.621917,2.618386,2.6159976,2.610886,2.6092029,2.6199005,2.590197,2.6195085,2.6092386,2.6176262,2.6256423,2.5947328,2.7174304
4.772279,2.9286592,2.9317904,3.179186,3.0461893,2.9038103,3.008735,3.155871,3.16594,3.1304762,2.958656,2.8942282,2.9373329,2.800759,2.928497,2.913215,3.838669,3.8199728,3.5765085,3.6211567,3.943907,4.1892776,3.8025153,3.2213182,3.7063992,3.8993738,4.2911887,2.9729536,3.1640334,2.8954868,3.2209308,3.4060915,3.0980134,3.066811,3.0652325,3.0438025,3.270151,3.8404453,2.943981,3.2635353,3.758548,3.0212693,3.096239,2.836988,3.2919965,3.639971,3.2660024,2.9112742,2.9614398,2.8239675,2.848307,2.9350295,3.0636978,3.0695965,3.5114794,3.062107,3.0869265,2.7941246,3.2567227,2.7569504,2.7812617,2.7608125,2.8138955,2.8701081,2.8397214,2.8066046,2.843057,2.8556616,2.9481795,2.87673,2.936058,2.9812934,3.000125,3.2984376,2.8863058,2.7483454,2.7266297,2.8047132,2.7500696,2.8359828,2.7016847,2.8927457,3.0169399,2.9176087,3.0833497,2.880084,2.9534743,2.8671443,2.7727954,2.6662428,2.693948,2.77477,2.7453892,2.7137003,2.715934,2.7213104,3.003938,2.747125,3.123091,2.7558222,2.816706,2.701946,2.6602314,2.655437,2.660787,2.6917346,2.7119393,2.65008,2.6793175,2.6603415,2.6921349,2.6705987,2.8756692,2.7442322,2.6815543,2.6931648,2.6595118,2.6375577,2.661047,2.6894019,2.6779265,2.6795282,2.6553476,2.6892781,2.66364,2.6352155,2.7749064,2.782669,2.7403123,2.8427253,2.766507,2.6777663,2.7116497,2.7282667,2.762163,2.7215571,2.7198334,2.7426963,2.7124841,2.7584772,2.8244007,2.8580873,3.03589,3.2099502,2.9841475,2.8243315,2.803544,2.7757378,2.844703,2.8486097,2.885066,2.9605005,2.813129,2.8791044,3.007596,2.8586543,2.9199648,3.2573552,3.0173962,2.923374,2.787218,2.9807794,2.9963934,3.0134923,2.849637,2.9016736,3.0597155,2.7964687,3.0291538,3.047564,3.5873687,4.0114584,3.7814689,3.260916,3.5184808,3.596759,3.5008886,3.687986,3.4347277,3.1360173,3.449792,3.129977,3.0617092,3.0922499,3.013776,3.1876235,3.2242928,3.0301743,3.2120864,3.3344855,3.1593268,3.428077,3.1547515,3.1378016,3.1194556,2.949741,3.1853132
5.0569134,3.2546136,4.439828,6.2768183,5.802178,4.8023334,5.426626,5.979403,6.073343,5.9942403,4.9869843,4.4944153,4.5705147,3.5508993,3.4504054,3.8374746,8.427745,8.794335,7.665753,7.645203,8.385122,8.923761,7.774294,5.972241,7.736085,8.4764,9.539935,4.9837713,5.295694,3.9148917,6.2058225,7.174814,5.526629,5.364039,5.123433,4.907165,5.767472,7.6593485,4.7453,6.212837,7.8520226,5.34231,5.274262,3.7011235,6.3423223,7.576658,6.103871,4.516314,4.486917,3.8336227,3.8746917,4.3847446,5.114809,5.148392,6.7001033,5.392489,5.3537607,3.5027106,5.7324286,3.7428012,3.7868278,3.5427258,3.6845536,3.7639253,3.7108176,3.695148,3.8855414,4.093571,4.5269384,4.26653,4.3832994,4.3632827,4.69505,5.734936,4.1229653,3.399379,3.2337663,3.3970618,3.2333832,3.6500382,3.2526407,4.0799184,4.558459,4.4012218,4.9237785,3.974359,4.483744,4.112155,3.5523906,2.96936,2.9668992,3.2212903,3.1329849,3.145753,3.1764088,3.3035378,4.4754105,3.6485407,4.971996,3.1924143,3.8178778,3.381399,3.085444,2.9567811,2.8621075,2.8964212,3.0103376,2.8794036,3.0843976,3.0458791,3.2910132,3.2593005,3.833666,3.0340233,3.2249029,3.3847094,3.1032584,2.8558264,2.8607204,2.8907204,2.83159,2.9870522,2.9832704,3.1495194,3.1505451,3.0631695,3.4159806,3.3536718,3.5641747,4.2066417,3.6864376,3.1454835,3.156818,3.1634176,3.3506894,3.3270922,3.2854762,3.4977477,3.451091,3.7837453,3.7710538,3.8414757,5.1573396,5.9993215,4.953878,3.91343,3.6734402,3.5292032,3.7510633,3.990375,4.329273,4.678864,4.027984,4.436043,4.8113127,3.7195165,4.6541743,6.234852,5.228317,4.6788554,3.864123,4.4885426,4.8374286,5.0711603,4.2386274,4.471337,5.1679516,3.981917,4.8240676,4.668994,7.359217,9.565102,8.764783,6.4381094,7.163968,7.344345,7.1652546,8.00934,6.9492674,5.683932,6.753029,5.6583405,4.9446735,3.5266953,4.449127,5.9026175,6.2182827,5.2612724,5.9625025,6.215221,5.8215094,6.857807,5.622885,5.4384823,4.887134,3.9664052,4.140748
5.4580436,4.0396943,5.8764563,8.699047,7.9886365,6.486404,7.401778,8.159855,8.336103,8.205054,6.6988163,5.9215827,6.0078506,4.4565806,4.358064,4.818916,11.555104,12.156729,10.527962,10.445486,11.466131,12.227889,10.578167,7.9733195,10.5251,11.605773,13.050674,6.5666313,7.0063095,4.963261,8.375521,9.84348,7.3545327,7.0365033,6.675918,6.277538,7.5894647,10.339772,6.097767,8.288129,10.638456,7.0643783,7.019633,4.5827694,8.470929,10.295234,8.153189,5.6891227,5.5996666,4.597803,4.677805,5.446118,6.568614,6.622949,8.902557,7.059098,7.1510034,4.27895,7.424549,4.475984,4.5308104,4.113235,4.272319,4.3456154,4.278832,4.3005953,4.6165843,4.942235,5.602491,5.3013945,5.6168556,5.471488,5.852699,7.3315935,4.9772587,3.8244462,3.5497496,3.7605374,3.5384703,4.1564746,3.5820675,4.8606057,5.580641,5.42921,6.352204,4.8692975,5.5258775,4.9407067,4.0544515,3.1629171,3.1163516,3.4669,3.346118,3.3899708,3.4284277,3.6760194,5.4635086,4.3107677,6.366515,3.6747146,4.5300527,3.8288183,3.349966,3.098369,2.9283583,2.952539,3.1195514,2.937655,3.2598097,3.260395,3.6819375,3.6693976,4.6433816,3.415848,3.6289124,3.8344536,3.3658452,2.9396074,2.9072466,2.9405618,2.8728766,3.083359,3.1056216,3.398884,3.4526312,3.3779626,4.0349956,3.9216628,4.162279,5.098966,4.2606707,3.3825884,3.3996372,3.3936102,3.6810348,3.6433759,3.6052296,3.9675696,3.93736,4.47548,4.578699,4.6650424,6.589968,7.918828,6.2492146,4.5953155,4.2302084,3.9988804,4.3173366,4.70092,5.2438464,5.79931,4.852917,5.561827,6.1880555,4.4639783,5.8551707,8.250978,6.706636,5.852762,4.582955,5.4845686,6.0557227,6.4503126,5.1588173,5.505449,6.550401,4.781595,6.22116,5.886625,9.912347,13.237117,12.124158,8.597177,9.645109,9.894019,9.645905,10.886122,9.326964,7.398642,8.953708,7.3536735,6.3965287,4.1569304,5.533016,7.8280373,8.317434,6.8084884,7.8558884,8.21329,7.642943,9.233528,7.3355823,7.0621467,6.1504602,4.7603774,5.1376185
5.261683,3.790678,5.857961,8.566952,7.8661323,6.3924313,7.256869,7.9996414,8.174384,8.067446,6.582692,5.830939,5.977865,4.472997,4.1381016,4.7641807,11.544394,12.041085,10.36302,10.327916,11.291935,11.9733715,10.421381,7.8725266,10.387327,11.472275,12.965332,6.633965,6.954962,4.927856,8.401751,9.739166,7.243628,7.0114655,6.6556945,6.2475314,7.5653086,10.2101755,6.112225,8.2540865,10.578537,7.1121774,6.9781976,4.608194,8.543819,10.24085,8.120742,5.757009,5.6894436,4.6724415,4.743896,5.5025277,6.5958967,6.695266,8.905265,7.1369414,7.0979548,4.3457217,7.5664163,4.616811,4.6578736,4.273469,4.4282074,4.4969296,4.431578,4.4444704,4.7565355,5.07653,5.7517266,5.4511843,5.6455073,5.559143,6.054598,7.440111,5.1334157,4.0223794,3.7477176,3.9529278,3.7144547,4.319107,3.7715914,5.02331,5.724161,5.6079545,6.3912463,4.996473,5.736466,5.1145988,4.2503195,3.3755476,3.3473382,3.701659,3.5664382,3.6092093,3.6572535,3.8860745,5.6177325,4.5162754,6.449546,3.8285997,4.769988,4.04056,3.5589921,3.3423672,3.179117,3.2141159,3.3724186,3.194878,3.5055077,3.4881208,3.9083042,3.9068563,4.7759037,3.5358727,3.867149,4.0424495,3.5796573,3.1834428,3.1659446,3.216442,3.145102,3.34361,3.362005,3.6268594,3.6809485,3.6120532,4.1521163,4.040109,4.3758135,5.2548814,4.4642982,3.6411777,3.6580544,3.666094,3.9311497,3.9029276,3.830904,4.1830373,4.1540184,4.6666474,4.6938357,4.764511,6.7380986,7.932582,6.3534636,4.7736545,4.445797,4.240128,4.515486,4.879485,5.3885055,5.9221945,5.0241,5.7169843,6.243588,4.5449967,6.047745,8.266053,6.7514663,5.968368,4.7550178,5.635511,6.1975493,6.558725,5.2813764,5.628551,6.6462297,5.00041,6.273966,5.9345784,9.962448,13.066583,11.944386,8.597746,9.612511,9.873383,9.587214,10.766166,9.30292,7.452318,8.987614,7.5010147,6.4462795,4.0475826,5.6409435,7.83076,8.304537,6.8557444,7.8930836,8.239793,7.6618547,9.172825,7.3563485,7.0967174,6.2423515,4.907995,5.0723996
5.085924,3.7151656,5.9624887,8.621828,7.861525,6.3724127,7.2099085,7.9405384,8.117986,8.022587,6.6125946,5.867559,6.0513816,4.552683,4.0337205,4.734,11.546947,12.005168,10.334776,10.274581,11.163239,11.827632,10.285179,7.813824,10.288568,11.3820715,12.880358,6.7050915,6.887901,4.875134,8.413844,9.69247,7.209404,6.9526772,6.5920954,6.179844,7.44891,10.07807,6.0484705,8.208606,10.485673,7.110501,6.884007,4.5574307,8.515121,10.111376,8.054951,5.6997766,5.6061897,4.604995,4.6871743,5.4200144,6.5083117,6.590802,8.798511,7.1368,7.013386,4.2991657,7.532896,4.603494,4.615678,4.230792,4.3485737,4.401783,4.3507395,4.3911815,4.7089877,5.0397425,5.740701,5.4621267,5.587794,5.5003595,6.0152826,7.341736,5.069393,3.9747353,3.6805265,3.871331,3.6396875,4.2525964,3.7282028,4.973941,5.7021317,5.5896506,6.3398123,4.956413,5.715713,5.081696,4.228592,3.3327568,3.2940495,3.6079223,3.491621,3.5548136,3.6167316,3.8697214,5.582923,4.53864,6.3721633,3.7925723,4.7775393,4.036701,3.5707183,3.3242598,3.1388137,3.152886,3.3028824,3.1517746,3.4794712,3.4975028,3.931911,3.942997,4.7290463,3.5241864,3.901943,4.058799,3.5729337,3.1603572,3.1387162,3.1478915,3.0722,3.3014855,3.3384035,3.627391,3.7035491,3.6531801,4.1370873,4.0369635,4.4122443,5.2701955,4.452261,3.6207094,3.6378722,3.596274,3.855298,3.8610227,3.816381,4.18894,4.1743255,4.694304,4.6726055,4.7441087,6.7592373,7.908589,6.3009396,4.7507806,4.42516,4.185861,4.479575,4.8464684,5.3691955,5.9286475,5.0621185,5.7425385,6.183985,4.571818,6.090349,8.261064,6.7730737,5.961087,4.776408,5.5990734,6.1441054,6.527742,5.280314,5.661379,6.679711,5.0538306,6.2559443,5.9743614,9.974789,12.993356,11.917246,8.603282,9.555247,9.765341,9.504617,10.701969,9.281339,7.4972086,8.992432,7.5418487,6.4403377,4.013154,5.7356,7.859534,8.3094425,6.8931017,7.878818,8.195126,7.6354694,9.124862,7.3541274,7.1156273,6.323441,4.998025,5.0315127
2.7386694,3.332284,5.963999,9.439956,8.544935,6.7050877,7.783246,8.679599,8.882481,8.763822,6.923528,5.9288006,6.066967,4.1376014,3.740989,4.66383,12.968224,13.711342,11.718972,11.619113,12.6723585,13.450915,11.584837,8.654431,11.619078,12.925003,14.631895,6.971365,7.4188194,4.947115,9.319274,11.046989,7.956265,7.7217846,7.2486596,6.768699,8.327164,11.582309,6.5312967,9.1734295,11.9175415,7.667904,7.537497,4.562961,9.496922,11.725752,9.180971,6.2004204,6.1027255,4.872579,4.9342732,5.906536,7.2255673,7.276863,9.895954,7.799844,7.8212023,4.219962,8.278493,4.6936803,4.813374,4.380863,4.573884,4.6485486,4.6204,4.6394744,4.9958816,5.3469543,6.121605,5.6583366,5.8748837,5.7853885,6.421544,8.2428055,5.434887,4.0876184,3.7402704,4.0118036,3.7333415,4.5229287,3.7822351,5.322975,6.1015997,5.8937616,6.9043922,5.097636,6.052128,5.400992,4.358707,3.292538,3.2449667,3.6518164,3.5241294,3.6062617,3.6495302,3.8874445,5.9890795,4.530484,6.95641,3.5297961,4.8503523,4.0119357,3.4955437,3.247203,3.0110652,3.0299463,3.2467728,3.0365202,3.4409769,3.3817847,3.8539708,3.7121558,4.808545,3.1813517,3.67298,4.0094495,3.4697833,2.9767869,2.9603715,2.9810777,2.876701,3.1991718,3.2058337,3.5338652,3.541431,3.3398657,3.9860363,3.858032,4.31235,5.5556183,4.538802,3.4975066,3.5353491,3.5301032,3.8784285,3.8626707,3.740788,4.1858993,4.0908403,4.6680975,4.709783,4.8073425,7.375864,8.948119,6.955553,4.923075,4.4964256,4.1972804,4.5688725,5.040314,5.731851,6.415215,5.2086935,6.0387764,6.6989107,4.493483,6.3998795,9.27822,7.4240875,6.4235063,4.8407335,5.931838,6.691171,7.1495056,5.469745,5.936929,7.208583,4.9969387,6.7253165,6.2498302,11.185585,15.27377,13.975637,9.726569,10.901505,11.247045,10.902348,12.43181,10.553323,8.188225,10.061143,8.149926,6.9069657,3.7755485,5.7545342,8.564703,9.2597065,7.3857346,8.62079,9.028121,8.415978,10.222817,8.008784,7.6573086,6.5082417,4.781954,5.124307
0.9685086,1.334552,1.7478707,2.4578314,2.2918828,1.9543625,2.2035122,2.4037642,2.4471042,2.403364,2.0089889,1.7918067,1.7999498,1.3906869,1.4115607,1.6344337,3.3112402,3.4550507,3.0911467,3.1304147,3.388977,3.5816483,3.1845295,2.5378852,3.1404896,3.3826222,3.7250626,2.0330021,2.1876247,1.7533178,2.596905,2.9911637,2.417303,2.430796,2.3708189,2.2805674,2.594943,3.2384603,2.1869586,2.692431,3.2344964,2.25287,2.2458856,1.695366,2.7100453,3.200332,2.7453792,2.2019415,2.2270713,1.9910152,1.9932803,2.1824555,2.4122157,2.3822534,2.885273,2.3420577,2.3288057,1.6666209,2.5434349,1.8763981,1.9622815,1.9269682,2.0115712,2.0360913,2.0159662,2.0136716,2.056093,2.0852454,2.186605,1.9931595,2.0004065,2.027999,2.1977708,2.656994,2.1518934,1.9374299,1.9022394,1.9650763,1.8993391,2.0508056,1.8897043,2.1339335,2.2456603,2.1018069,2.2507412,1.9164053,2.1637008,2.1019142,1.9723307,1.8082683,1.8307962,1.9045795,1.8799624,1.894309,1.885049,1.8854539,2.242626,1.8483424,2.28732,1.6072849,1.9166025,1.839676,1.810154,1.8071508,1.773008,1.7889795,1.8253684,1.7885675,1.8484132,1.7861607,1.8179519,1.6977875,1.8573992,1.5364319,1.667303,1.8264983,1.7810202,1.7340021,1.7512994,1.766832,1.7455391,1.8060893,1.7841262,1.8192695,1.7449441,1.6087815,1.686457,1.6265963,1.758718,2.0533397,1.9253869,1.7733316,1.8089412,1.817968,1.8828608,1.878698,1.8451246,1.8864545,1.8055142,1.8257043,1.79351,1.783224,2.297555,2.6491032,2.3138773,1.9825301,1.9315938,1.8795353,1.9345978,2.027232,2.1270487,2.230508,1.9542178,2.0403852,2.1536949,1.6833072,2.0413697,2.6652086,2.328666,2.169383,1.8990234,2.1271012,2.253959,2.3325214,2.0112717,2.061869,2.2815907,1.7913125,2.133029,1.9871129,2.9871943,3.772278,3.5000935,2.7171488,2.9806468,3.0442462,2.9654663,3.2691693,2.8846421,2.4058814,2.7695317,2.3522673,2.1085174,1.5529984,1.8290771,2.3984656,2.5431178,2.2043424,2.4761312,2.5565784,2.41826,2.7856414,2.314756,2.2374017,2.0141516,1.6297877,1.8066285
1.5698988,0.83834803,0.900549,0.9154043,0.92149377,0.9247079,0.9343373,0.94204247,0.94331896,0.9376373,0.92501056,0.92091423,0.9116508,0.89626515,0.8444387,0.8868023,0.94383496,0.9542302,0.97009474,0.9777942,0.9881049,0.9992448,0.99354714,0.9839935,0.9776001,0.96951085,0.95981884,0.93908036,0.8909462,0.9127508,0.9712905,0.97735965,0.9937484,1.0057079,1.0131379,1.0331928,1.0219911,1.0095879,1.0057051,0.9988093,0.98618644,0.96646553,0.9169712,0.93221074,0.98809046,0.9921817,1.0078857,1.0229937,1.0337301,1.0461985,1.0394009,1.0316701,1.0177294,1.0068841,1.0033286,0.9806917,0.93435216,0.9415736,1.0064583,1.0141578,1.0331026,1.042927,1.047389,1.0616214,1.055585,1.048884,1.0436044,1.0311714,1.0219479,1.0025643,0.943343,0.94686943,1.0073733,1.0217434,1.0365199,1.052648,1.057217,1.0685076,1.0671519,1.0573565,1.0493455,1.0369707,1.0288775,1.0072079,0.953462,0.9553331,1.0188196,1.0244975,1.041258,1.0586141,1.067786,1.0769169,1.0731705,1.0656103,1.0574484,1.0445598,1.0303614,1.0142673,0.95838416,0.9541479,1.0102619,1.0199457,1.0373418,1.0594913,1.0606681,1.0709679,1.0659229,1.061099,1.0592417,1.0376375,1.0270253,1.0080075,0.9579411,0.9540044,1.007853,1.0167712,1.039436,1.0559754,1.0601254,1.0648556,1.0579166,1.0553781,1.0490664,1.0380723,1.0257741,1.0049374,0.9530291,0.95497715,1.008837,1.0111932,1.0293484,1.0409616,1.0485048,1.0621572,1.0559171,1.0442625,1.042248,1.0344718,1.0283455,1.0063721,0.95756775,0.94504607,0.9987674,1.0065182,1.0190136,1.029042,1.0390155,1.0487427,1.044412,1.0322193,1.02955,1.0214876,1.0159274,1.0018119,0.94887704,0.93082684,0.9807995,0.9908028,1.0039053,1.009145,1.0190126,1.0317996,1.0228719,1.0128176,1.0108899,1.011279,1.0044267,0.98471415,0.93290794,0.91508913,0.9676466,0.97361076,0.98768616,0.9947172,1.0015115,1.013343,1.008751,0.9976435,0.9909754,0.9892583,0.98503906,0.9624302,0.918996,0.8769203,0.93394065,0.9418387,0.9530427,0.9559414,0.96049404,0.9736912,0.97089803,0.9681037,0.9612142,0.9569447,0.9514561,0.9342212,0.88549465
8.717591,1.8762152,1.7949494,1.7647141,1.791567,1.8058143,1.8023905,1.775081,1.788752,1.7739301,1.787623,1.7830452,1.7629994,1.7991861,1.8848702,1.8536574,1.7812773,1.7606963,1.794745,1.8132128,1.810906,1.801898,1.8072873,1.8185655,1.7993494,1.7827121,1.7503301,1.802706,1.8436509,1.82431,1.7734623,1.7854934,1.8129097,1.8323635,1.8404355,1.8420725,1.8526797,1.8309574,1.8457662,1.8078008,1.7762035,1.7989752,1.8258605,1.8457726,1.7926512,1.8142748,1.8261802,1.8578998,1.8678143,1.8810289,1.8918248,1.8745666,1.8553243,1.8280913,1.7907529,1.8142352,1.8399156,1.853909,1.8108072,1.8510457,1.8713257,1.8902441,1.9088187,1.9058293,1.9180193,1.9050107,1.8772596,1.8560243,1.8286908,1.8350182,1.8453685,1.8614964,1.8389976,1.8366394,1.8836067,1.9186254,1.9402758,1.9423813,1.9564006,1.9347667,1.9185402,1.877759,1.8508795,1.8551147,1.8687166,1.8845805,1.8536475,1.8795904,1.9128516,1.9650689,1.9798471,1.9791067,1.982011,1.9716285,1.9537528,1.9267052,1.8730551,1.8820189,1.8877758,1.9032779,1.8813963,1.902292,1.9330647,1.9741098,2.0037155,1.9939253,1.9963436,1.9885138,1.9673421,1.9511691,1.9052958,1.9045619,1.9098815,1.9076265,1.8747549,1.8726379,1.9154711,1.9617409,1.9694476,1.9528509,1.956889,1.957317,1.9472533,1.9335473,1.8821859,1.8881028,1.9048346,1.8968658,1.8624508,1.8681002,1.8952527,1.9265096,1.9293191,1.9116428,1.9196397,1.9279027,1.9163541,1.9018797,1.8597207,1.8715116,1.8920853,1.905114,1.8505737,1.8562514,1.8680882,1.8957721,1.9024882,1.898019,1.9028797,1.8993177,1.886666,1.8748543,1.8455365,1.8570668,1.8943473,1.9099454,1.859341,1.8620625,1.8706787,1.8842193,1.9091097,1.889375,1.8930281,1.8924836,1.8865683,1.8728156,1.8518828,1.8859943,1.9016371,1.9208912,1.8505894,1.8449904,1.8584863,1.8806547,1.8779062,1.8603736,1.8788791,1.8785523,1.874374,1.8694549,1.852696,1.8956705,1.9371045,1.9613701,1.8670516,1.831432,1.8411076,1.8619125,1.8556386,1.8350173,1.8423486,1.8335748,1.8341867,1.8463725,1.8308023,1.8719516,1.9437032
10.475825,2.2933772,2.1486983,2.1294081,2.1473393,2.1501157,2.1596317,2.1673572,2.1732125,2.1886187,2.188298,2.1699996,2.1765378,2.211271,2.3115938,2.1771784,2.060515,2.060446,2.1034913,2.1187234,2.1219578,2.1122613,2.1318865,2.1686227,2.1341918,2.0940716,2.0618482,2.1275177,2.1822777,2.1818383,2.1082323,2.122448,2.1721015,2.195129,2.2201333,2.2204225,2.217891,2.1990094,2.2265005,2.1665206,2.12633,2.1557324,2.1905534,2.2025473,2.146312,2.1635036,2.2094245,2.264298,2.289678,2.3098118,2.3112042,2.3003132,2.275415,2.2288833,2.1832616,2.1919384,2.2088034,2.2345645,2.1987927,2.269132,2.3007598,2.338266,2.3785918,2.3819218,2.3882089,2.3803298,2.35652,2.3110752,2.2725139,2.2639263,2.2592893,2.2337396,2.233702,2.2569928,2.3328896,2.393269,2.4283512,2.4466217,2.4524865,2.4301212,2.4089777,2.3463788,2.3085253,2.2868283,2.2720778,2.2695653,2.2608752,2.316449,2.3742073,2.4515538,2.4864118,2.4915583,2.49709,2.4757142,2.4462388,2.3995097,2.3313134,2.3233986,2.2850482,2.3008337,2.2890134,2.3474882,2.4007213,2.456209,2.498796,2.516875,2.502444,2.5030687,2.4635026,2.4182136,2.3617132,2.344395,2.3100405,2.3169568,2.3021872,2.3429842,2.4000933,2.4432626,2.4746556,2.4823773,2.4818683,2.4790812,2.4579215,2.4108043,2.3616834,2.3454854,2.3179634,2.3098748,2.2928183,2.323224,2.3752122,2.411289,2.4376972,2.4430566,2.4374802,2.4441822,2.4238594,2.3898628,2.350139,2.3346233,2.3178225,2.2973201,2.251784,2.2733667,2.322412,2.361751,2.3824239,2.3934531,2.3852823,2.3845923,2.3629763,2.3349485,2.3123899,2.3033366,2.3024848,2.3041267,2.2616334,2.2669456,2.2985015,2.318034,2.3588047,2.3460147,2.3458095,2.3463252,2.3482325,2.3219666,2.2956884,2.3160152,2.3216465,2.2845762,2.204854,2.200204,2.2293885,2.2656364,2.2613368,2.2576158,2.2672393,2.2661352,2.2737656,2.2675307,2.2446635,2.287802,2.3277273,2.3739905,2.264852,2.2616975,2.2789443,2.2925372,2.2748544,2.2780511,2.2952466,2.293802,2.3067486,2.2907128,2.2954695,2.3393738,2.4213018
7.5121436,2.3305361,2.2586608,2.2139041,2.2463136,2.2750092,2.265524,2.254168,2.254077,2.2558935,2.279027,2.275018,2.2587526,2.2789042,2.3140762,2.3072598,2.1620424,2.1511447,2.2116046,2.2289839,2.2178566,2.208017,2.2417789,2.3077886,2.2296355,2.18659,2.1165657,2.2779677,2.2476575,2.3428562,2.2742567,2.2588909,2.352285,2.3711777,2.39945,2.429668,2.4009464,2.3170123,2.40489,2.3123665,2.2299464,2.315667,2.2926974,2.40029,2.3138711,2.300683,2.3814952,2.4702554,2.5020444,2.556131,2.5649326,2.5225823,2.4531481,2.413957,2.3161595,2.342519,2.3341498,2.4369247,2.3709242,2.4943366,2.5365167,2.575253,2.6166458,2.6432085,2.6534429,2.626654,2.5715563,2.5229225,2.454167,2.432512,2.405329,2.428724,2.4371257,2.4488852,2.5634925,2.6410801,2.6863112,2.7241516,2.7496374,2.696808,2.661886,2.5735805,2.503526,2.4570415,2.4080427,2.4642847,2.457203,2.5332243,2.6076636,2.698393,2.7367017,2.777503,2.7892818,2.7481487,2.7012935,2.641181,2.525013,2.5042233,2.423983,2.4976993,2.498654,2.5786927,2.6445389,2.7058325,2.7553868,2.7906845,2.7953024,2.775499,2.714249,2.664224,2.5840135,2.5396273,2.4779985,2.5105937,2.5456104,2.5789845,2.6396675,2.6978445,2.73775,2.7679956,2.772535,2.74693,2.7081802,2.6556509,2.5894325,2.561112,2.5043643,2.4978373,2.5025697,2.519193,2.5778706,2.6239986,2.6588345,2.6913269,2.6929984,2.6772401,2.6308775,2.5927017,2.5452728,2.4982016,2.4858277,2.4568546,2.4076486,2.4084568,2.4707973,2.5310984,2.5668783,2.6025572,2.5980809,2.5713975,2.5271325,2.4860675,2.4761472,2.4410448,2.4188924,2.4251952,2.386176,2.3513703,2.408856,2.4407024,2.4969866,2.4877982,2.4788673,2.4655638,2.468205,2.4354622,2.3831363,2.425012,2.3840067,2.3589327,2.2381566,2.1812844,2.226197,2.3144007,2.2981203,2.3040943,2.3119776,2.2832482,2.2986717,2.3360791,2.2712,2.3110602,2.3491862,2.4555743,2.3575022,2.3315372,2.3341804,2.3629806,2.3343625,2.336238,2.3594046,2.3215573,2.34762,2.343447,2.342368,2.3866017,2.426992
5.631294,2.4165647,2.2897017,2.2084787,2.2616436,2.3294163,2.3181965,2.3014927,2.2882433,2.2845209,2.3204482,2.3263688,2.2913928,2.3276799,2.4109972,2.348213,2.0873713,2.0764055,2.1608107,2.1836872,2.1903381,2.1740701,2.2053223,2.287542,2.1911724,2.1430638,2.0728488,2.2448094,2.2765784,2.3574388,2.2180214,2.197693,2.3130298,2.3415616,2.388312,2.412859,2.3618395,2.261264,2.381879,2.2849443,2.1801183,2.266796,2.293162,2.3918185,2.2440953,2.2131817,2.3178065,2.4400625,2.474556,2.528582,2.5242517,2.484831,2.4128757,2.3812218,2.2758105,2.296539,2.3179061,2.4209542,2.3038814,2.4496472,2.491151,2.5454283,2.5826032,2.5975158,2.5929904,2.5815096,2.5368288,2.4869318,2.4167352,2.3771858,2.3820462,2.378935,2.3741112,2.3743978,2.5022123,2.5892963,2.6464796,2.6615915,2.677511,2.638905,2.6120446,2.5163362,2.4399421,2.3916929,2.36014,2.4062376,2.3885493,2.4625478,2.5515027,2.639882,2.6826117,2.6916301,2.698664,2.6704893,2.6293857,2.5737402,2.453397,2.4349182,2.3683896,2.447337,2.4364684,2.5110128,2.573177,2.633875,2.6883712,2.702306,2.6906452,2.6820323,2.6240077,2.5852308,2.5180852,2.4629152,2.4263601,2.464784,2.4750993,2.5029616,2.5643165,2.6218553,2.66169,2.6771393,2.673202,2.6489785,2.6208599,2.5748296,2.517293,2.4793286,2.4562993,2.4414375,2.4433792,2.4436145,2.5081532,2.5671353,2.6015213,2.6122248,2.6038127,2.5915515,2.5638568,2.5220942,2.488508,2.424223,2.4234629,2.3966787,2.3226786,2.3018353,2.3851874,2.4728088,2.5053687,2.521486,2.5098925,2.4897516,2.4386377,2.4002316,2.4041321,2.3527641,2.3438997,2.354926,2.2936163,2.242133,2.3099551,2.3572345,2.4274616,2.4097927,2.3791802,2.3618515,2.381263,2.3576498,2.2956076,2.3302612,2.3097308,2.2819226,2.1348102,2.0401323,2.0909026,2.2161505,2.1989508,2.1933784,2.1997929,2.156567,2.1865237,2.2388952,2.166593,2.20042,2.2686083,2.3660274,2.274208,2.2087708,2.2105722,2.2722807,2.24503,2.2376802,2.2452426,2.1921873,2.2427065,2.2394543,2.247641,2.285903,2.326456
4.6298428,2.427692,2.265732,2.1431415,2.171087,2.2299767,2.2074692,2.1957176,2.1828113,2.1817179,2.2213044,2.2466002,2.2369738,2.3005085,2.3905082,2.3437614,2.0695546,2.039904,2.1177757,2.1425576,2.140321,2.1295826,2.1662295,2.2249854,2.1389694,2.088711,2.0392208,2.1992998,2.24548,2.3522756,2.1756382,2.146247,2.2547693,2.2779887,2.3155572,2.3369298,2.296907,2.2116861,2.3039677,2.214574,2.12472,2.202195,2.256859,2.368844,2.198838,2.173672,2.2731767,2.3724217,2.3971586,2.4447577,2.4406211,2.4012613,2.3345401,2.301687,2.2099624,2.2285583,2.2618177,2.39274,2.2588956,2.389245,2.428877,2.4728038,2.4921732,2.5013041,2.5026982,2.4798782,2.4414945,2.3997436,2.3260655,2.3082905,2.328861,2.3633854,2.3208013,2.3204231,2.4344578,2.5103357,2.5347123,2.5513709,2.549294,2.5175524,2.5009525,2.4284782,2.3561504,2.3262155,2.3206482,2.3926342,2.3393686,2.4021661,2.478429,2.5486126,2.5742388,2.573179,2.5739884,2.5435526,2.5242386,2.4789004,2.3742542,2.3658695,2.3312204,2.442719,2.3809369,2.443221,2.509558,2.543665,2.5779333,2.5914414,2.5794837,2.5654476,2.5275874,2.491764,2.4278178,2.3954675,2.396974,2.4558148,2.412514,2.428786,2.4904165,2.5296466,2.5547109,2.5682132,2.5636294,2.5396268,2.5083673,2.4749613,2.430416,2.4050293,2.4077337,2.4136872,2.3723533,2.3660228,2.431346,2.4800227,2.491986,2.5083692,2.495388,2.4775255,2.459954,2.4259806,2.3856282,2.3441703,2.3735445,2.3807871,2.2583225,2.2418091,2.323073,2.398947,2.418543,2.4393477,2.428496,2.3969834,2.3563087,2.3267093,2.3215532,2.2801652,2.3087306,2.3505306,2.246317,2.1932096,2.2562783,2.2952063,2.3554502,2.3399382,2.3072002,2.2856126,2.3162055,2.2923763,2.2350447,2.2778833,2.2852654,2.2902212,2.0903935,2.0015047,2.0401793,2.156582,2.140404,2.1398695,2.1390967,2.098538,2.1316311,2.180377,2.126393,2.1610546,2.2607098,2.4976823,2.260743,2.1773667,2.1655455,2.222719,2.1936903,2.1860137,2.192428,2.1494281,2.2010992,2.2038617,2.236417,2.2815142,2.445371
4.4836836,2.5630836,2.3654935,2.3301055,2.3385017,2.3696911,2.3770401,2.3861554,2.3842854,2.3753164,2.3766534,2.3738494,2.3589482,2.3822865,2.5426834,2.4548957,2.302717,2.2978206,2.334792,2.3565981,2.373624,2.3907173,2.3979876,2.39206,2.3570454,2.3286,2.300179,2.3243468,2.416584,2.433777,2.336045,2.3431494,2.3850675,2.4174385,2.4446108,2.4793966,2.4569993,2.4157343,2.4245145,2.380923,2.33498,2.3436396,2.4098315,2.4451451,2.3555386,2.37296,2.4211667,2.469642,2.5007262,2.529804,2.5222287,2.4955218,2.4576147,2.4294727,2.3867445,2.3670683,2.4177012,2.4529574,2.3865907,2.450878,2.489321,2.5275033,2.5583858,2.5764465,2.5740173,2.550931,2.5148,2.479706,2.4290173,2.4070542,2.442889,2.4554734,2.4143894,2.4523995,2.506266,2.5489004,2.575455,2.603073,2.6058707,2.574231,2.5531843,2.5071108,2.459687,2.425794,2.4542525,2.4658885,2.4274411,2.4848714,2.5289075,2.5686877,2.5945714,2.614339,2.620699,2.5836155,2.562608,2.5286655,2.4762182,2.4472718,2.4588103,2.484656,2.4510653,2.4985726,2.5361087,2.564165,2.5932267,2.6143982,2.611572,2.5904522,2.5625243,2.5327604,2.4882824,2.4582875,2.4825332,2.499136,2.4588099,2.4817939,2.5209217,2.5536063,2.5763292,2.600082,2.593031,2.5749714,2.551496,2.5219028,2.4863822,2.461475,2.4880831,2.478884,2.4390235,2.4547343,2.4859583,2.522217,2.539625,2.5553803,2.5509503,2.5308132,2.5139463,2.4840012,2.4585366,2.435139,2.4709053,2.45858,2.3913925,2.4045167,2.432202,2.4759834,2.4927661,2.5102172,2.5128343,2.483057,2.4549274,2.4378097,2.417204,2.3995728,2.440506,2.4362588,2.3704605,2.3774614,2.403576,2.4208112,2.4515002,2.4612246,2.4466035,2.4273546,2.4265163,2.4109054,2.3845282,2.3893228,2.4192708,2.4090676,2.3171797,2.3024187,2.3238883,2.3569715,2.363924,2.3767383,2.3732333,2.355617,2.3418038,2.3537583,2.3287022,2.340959,2.41275,2.5367317,2.3685308,2.3393235,2.344943,2.3719974,2.369458,2.3735886,2.376156,2.3538525,2.3672726,2.356837,2.3665893,2.3815646,2.526372
4.3722577,3.020413,3.5346515,4.5710416,4.3162575,3.7812817,4.1225944,4.3821344,4.4725556,4.407274,3.8608747,3.5341284,3.5692987,2.9704494,3.1244092,3.2183387,5.587432,5.7756314,5.2243643,5.231782,5.5634336,5.816879,5.275635,4.3441434,5.2505984,5.613557,6.065989,3.743169,4.0073533,3.2633736,4.494747,4.9999595,4.06608,4.069227,3.9482782,3.8194845,4.302766,5.1949167,3.683346,4.4927826,5.3047204,3.9512525,3.9986613,3.1265967,4.557934,5.1689973,4.461866,3.6061816,3.6296134,3.2615206,3.2586136,3.526473,3.9290164,3.9003618,4.6963806,3.998553,4.0525303,3.044456,4.1860323,3.1134784,3.187279,3.086055,3.1838856,3.2281032,3.1956487,3.1808176,3.25531,3.348122,3.566166,3.385855,3.5192554,3.4986582,3.641913,4.188067,3.3897946,3.0049582,2.932082,3.0288854,2.9313376,3.1217413,2.9019964,3.3358312,3.5649495,3.4858851,3.8296812,3.2922223,3.5364454,3.3457196,3.065763,2.759187,2.7704263,2.9131658,2.8669977,2.8613772,2.8511064,2.899522,3.522538,3.0567632,3.8622026,2.8223474,3.1703892,2.9302173,2.790023,2.7314873,2.6819263,2.7059946,2.7754593,2.6876593,2.7845192,2.738024,2.8607767,2.7967298,3.1891522,2.7265766,2.7804446,2.9159758,2.7713854,2.636231,2.6445296,2.6770427,2.650738,2.705118,2.68858,2.770531,2.751741,2.6785939,2.9448712,2.8921711,2.9499788,3.328671,3.0367794,2.7626073,2.7795284,2.8031945,2.9090326,2.8776371,2.83011,2.9458861,2.8938875,3.0529513,3.1287916,3.1665938,3.8424835,4.312499,3.7004378,3.1377616,3.0394719,2.9796894,3.071741,3.195967,3.3923602,3.570782,3.2087426,3.4367394,3.7067907,3.0625796,3.5028446,4.377022,3.8202696,3.548223,3.1104767,3.4623296,3.676742,3.7868953,3.2919195,3.3899438,3.7901402,3.0902994,3.707134,3.5705278,4.9538765,6.061041,5.6742396,4.4854846,4.8552804,4.932626,4.8494296,5.2622623,4.7039986,4.0348225,4.587574,4.0238705,3.7611914,3.0827446,3.395366,4.216541,4.4018426,3.8780348,4.2564616,4.373683,4.188476,4.7144933,4.057596,3.964566,3.6097023,3.0968585,3.4565187
4.9933157,3.0121472,4.036635,5.602464,5.198982,4.3458557,4.8566594,5.2417154,5.3829575,5.2902856,4.4641857,3.9891574,4.0724297,3.1985333,3.2020223,3.4496796,7.1765904,7.4588733,6.5690217,6.5562954,7.0582232,7.4322095,6.6042767,5.180423,6.6049104,7.1692367,7.885204,4.416899,4.692066,3.5433543,5.493528,6.2425866,4.7847414,4.755857,4.561877,4.3464193,5.0982003,6.4817486,4.177642,5.4338217,6.702254,4.6940637,4.6937623,3.339109,5.5693398,6.492545,5.370775,4.0313916,4.0445647,3.4690359,3.4774122,3.9002442,4.5380664,4.5206785,5.7560787,4.733578,4.774856,3.2096105,4.98973,3.3158972,3.3936696,3.2071664,3.3398821,3.4013286,3.359435,3.3547058,3.4931977,3.6512969,4.02238,3.774045,3.9516187,3.9069,4.147834,4.941726,3.6989503,3.092365,2.972975,3.1150851,2.9719434,3.2767696,2.947797,3.6319308,4.009814,3.918976,4.4096155,3.5936403,3.99207,3.6533692,3.201679,2.711531,2.7235909,2.957695,2.8949888,2.8934343,2.8812373,2.9666183,3.9395344,3.2669,4.465751,2.8844233,3.4322312,3.0384624,2.790633,2.6946077,2.618445,2.6659708,2.7735772,2.6445696,2.8010185,2.7366056,2.9422069,2.8910084,3.4554477,2.7301354,2.847966,3.0281663,2.786547,2.5766017,2.5870268,2.6514618,2.604049,2.6930428,2.6716013,2.791879,2.7917018,2.724632,3.093847,3.0313873,3.1457658,3.7022421,3.2401628,2.806094,2.8452246,2.884276,3.0376787,2.9922142,2.921397,3.1010344,3.0419633,3.3254356,3.4018712,3.4658282,4.5502872,5.2392545,4.3055067,3.433417,3.277296,3.1751423,3.3277724,3.5319548,3.8240192,4.090604,3.560638,3.9593797,4.311918,3.352861,4.1089206,5.396978,4.5279064,4.105053,3.4248292,3.9522245,4.2981696,4.472141,3.7112215,3.8703747,4.4886956,3.4870825,4.333418,4.137312,6.339936,8.035215,7.4178576,5.589734,6.151217,6.2694154,6.147792,6.786151,5.9361215,4.9118996,5.760955,4.9511437,4.434065,3.1969173,3.9304981,5.1954093,5.470598,4.6627164,5.240232,5.4088697,5.1195884,5.9365344,4.928297,4.780928,4.2432003,3.4845397,3.7889895
7.62641,2.5478432,3.1226654,3.8887649,3.6757746,3.2367089,3.4792676,3.6657164,3.7431946,3.6981566,3.3037362,3.076078,3.1348789,2.740016,2.6502082,2.7697253,4.6871476,4.8063855,4.3252025,4.3047543,4.5645394,4.7546797,4.3259287,3.594757,4.330016,4.637416,5.04544,3.3088832,3.3956676,2.7948122,3.7850022,4.1366305,3.3986585,3.342366,3.2357962,3.1288073,3.5067337,4.2439556,3.074317,3.7179663,4.3828077,3.4048128,3.3804688,2.6854675,3.805536,4.2549453,3.640398,2.9588232,2.9434242,2.6603816,2.667454,2.8792107,3.212508,3.23218,3.8710809,3.3957145,3.3977938,2.6136956,3.5040078,2.630143,2.6243901,2.5132751,2.5581827,2.589578,2.566287,2.5653152,2.649418,2.755716,2.969847,2.8916314,2.9748948,2.9469755,3.056317,3.4193,2.7531097,2.4245002,2.3516965,2.4240978,2.3517792,2.5025158,2.3478029,2.726575,2.9443226,2.9471211,3.1973834,2.7707853,2.956841,2.746806,2.4890885,2.21821,2.2134604,2.3413281,2.304025,2.2972434,2.2973225,2.3728178,2.8910804,2.5974631,3.2164679,2.4223,2.6732013,2.4398952,2.274395,2.204464,2.1614213,2.187186,2.2399087,2.1738212,2.2505543,2.2452583,2.382761,2.4147544,2.7108276,2.3593786,2.4017763,2.4486763,2.2900438,2.1641433,2.159787,2.1922543,2.1684685,2.2128322,2.2151728,2.2917564,2.3227184,2.3406055,2.5410545,2.5244179,2.5693243,2.8096452,2.5523157,2.3106177,2.3187187,2.3314257,2.4166753,2.388143,2.3600783,2.4763854,2.4679263,2.6546857,2.7072895,2.7494676,3.288674,3.6118598,3.1193118,2.6652699,2.5713317,2.5155444,2.6080153,2.7015154,2.863105,3.0094206,2.7658653,2.9971843,3.1695113,2.7239811,3.1097476,3.7229195,3.2726266,3.0381021,2.6867173,2.952859,3.1156337,3.2137682,2.8414633,2.93338,3.2604878,2.8056688,3.2009351,3.1264017,4.246361,5.098057,4.7750397,3.8251371,4.101841,4.171377,4.108965,4.436204,4.008917,3.4987922,3.9573262,3.5514147,3.267238,2.6277995,3.061209,3.658503,3.7965698,3.3798022,3.662893,3.758674,3.6033442,4.026251,3.5269263,3.4516613,3.210422,2.8502367,2.9109974
5.452689,1.7704726,2.6835709,3.8481688,3.5266352,2.8665287,3.2396271,3.5057054,3.628314,3.5628917,2.9564607,2.6081321,2.6933908,2.040693,1.9115803,2.17627,5.0360937,5.2115006,4.506044,4.4965405,4.8393664,5.095906,4.4938745,3.4516969,4.531368,4.9684067,5.5281444,2.9712512,3.0973096,2.234218,3.7564485,4.274394,3.1484318,3.1010635,2.9336212,2.7468445,3.317819,4.3547072,2.6692164,3.638938,4.6190615,3.1561787,3.09211,2.076449,3.7819047,4.4135427,3.5371497,2.5182886,2.5022757,2.0458138,2.057149,2.3816326,2.8890095,2.9056435,3.8815165,3.1656673,3.1430244,1.9708909,3.3343883,2.0155733,2.021363,1.8608502,1.926626,1.9512395,1.915465,1.9315965,2.0609074,2.2232535,2.5563052,2.4166663,2.519559,2.47751,2.689848,3.2054276,2.230544,1.7419779,1.6211827,1.6984742,1.600658,1.839075,1.6195334,2.175988,2.5179164,2.5123053,2.84652,2.237826,2.5539083,2.2351644,1.853992,1.4520522,1.4266552,1.5669928,1.5229112,1.5409775,1.5575633,1.6684687,2.4546633,2.0140834,2.8900905,1.6977924,2.1356778,1.7689497,1.5466921,1.4388602,1.35856,1.359479,1.4330935,1.3583125,1.5003966,1.5017565,1.7012521,1.7229784,2.1264327,1.5785894,1.6998205,1.772874,1.5528444,1.3609551,1.3386579,1.3560146,1.3250086,1.4057808,1.4266025,1.5507576,1.5988308,1.6021376,1.8575758,1.8260262,1.9388831,2.3028207,1.9189527,1.5638678,1.5685635,1.5667311,1.6799368,1.6657791,1.6406262,1.8159277,1.8141369,2.0641656,2.1022563,2.1652534,3.0122983,3.4887335,2.7487435,2.0630434,1.9387988,1.8398969,1.9446748,2.1043658,2.3511212,2.5960083,2.2451155,2.582876,2.7929325,2.116543,2.725944,3.6338706,2.9624212,2.6270897,2.1149735,2.472914,2.7320526,2.8778763,2.3340304,2.4762874,2.9719965,2.2598948,2.8464978,2.7229342,4.4337935,5.627535,5.1514087,3.7955117,4.1881256,4.241712,4.1640162,4.6354895,4.047909,3.3113081,3.9637363,3.3871753,2.942591,1.9266137,2.6474545,3.5700538,3.7470906,3.142735,3.5559914,3.6837933,3.4670007,4.072928,3.342975,3.2499993,2.8727171,2.3163629,2.3852966
2.9145358,3.4571106,4.9459553,6.809974,6.278812,5.2279353,5.8249264,6.3246136,6.4733605,6.3885107,5.385584,4.8735776,4.9925475,3.9604218,3.7028685,4.1623116,8.933013,9.224215,8.049834,7.9795265,8.624809,9.094197,8.009696,6.2651043,8.043004,8.796632,9.844104,5.487055,5.6919646,4.2545643,6.7179165,7.608654,5.83895,5.64971,5.3754525,5.0971756,6.0168433,7.8392897,4.995043,6.542654,8.218213,5.8114147,5.674687,3.988923,6.7908454,7.914865,6.4013767,4.7192926,4.629372,3.9346101,3.9811056,4.5228906,5.3153687,5.3918166,6.9852686,5.8140607,5.7703476,3.796266,6.075088,3.9457366,3.9432578,3.627737,3.7205184,3.7758055,3.721664,3.7400103,3.9671113,4.240283,4.770697,4.590694,4.709957,4.6445403,4.9961,5.91375,4.257139,3.4360585,3.2174506,3.3432548,3.186701,3.6258874,3.2664056,4.1793046,4.7360077,4.703824,5.2501907,4.2435026,4.7673,4.2632165,3.6201277,2.9562907,2.901363,3.1250362,3.0521343,3.0943696,3.1540117,3.3605583,4.6249633,3.8961987,5.2846694,3.3848567,4.070722,3.500391,3.1258237,2.9421356,2.7885377,2.7885478,2.9105651,2.7916024,3.0444932,3.0733864,3.4069798,3.454195,4.069172,3.1984608,3.4241312,3.5314887,3.1453862,2.8425274,2.8081737,2.803275,2.7546794,2.924495,2.9566276,3.1749566,3.2646194,3.2575996,3.6366935,3.578123,3.8215845,4.4026127,3.7871478,3.1848705,3.1774428,3.1554208,3.356886,3.3567898,3.3161216,3.6088321,3.5957875,4.0308275,4.0243773,4.105885,5.5439987,6.3526616,5.167662,4.0310264,3.7719462,3.6001167,3.8134458,4.082026,4.4775596,4.8768506,4.280013,4.8043256,5.160057,3.9892535,5.0489526,6.59637,5.489277,4.898217,4.022203,4.652656,5.036611,5.2829905,4.423467,4.666491,5.4780316,4.2972975,5.1885457,4.977972,7.852483,9.97234,9.153091,6.782654,7.4712453,7.6158853,7.4308014,8.308664,7.2507243,5.997458,7.121566,6.097274,5.3070817,3.6324337,4.768043,6.2620897,6.5553484,5.546896,6.248657,6.480818,6.088347,7.144048,5.8901362,5.72646,5.1378284,4.214536,4.3239207
